ime,id,leto,minplay,maxplay,mintime,maxtime,minage,ocena,glasovi
Catan,13,1995,3,4,60,120,10,7.1791,88579
Carcassonne,822,2000,2,5,30,45,8,7.42312,88383
Pandemic,30549,2008,2,4,45,45,8,7.62693,87254
7 Wonders,68448,2010,2,7,30,30,10,7.77183,72419
Dominion,36218,2008,2,4,30,30,13,7.6371,70461
Ticket to Ride,9209,2004,2,5,30,60,8,7.43978,62701
Agricola,31260,2007,1,5,30,150,12,7.97815,58647
Puerto Rico,3076,2002,3,5,90,150,12,8.02597,57967
Small World,40692,2009,2,5,40,80,8,7.29076,55364
Codenames,178900,2015,2,8,15,15,14,7.68118,54883
Power Grid,2651,2004,2,6,120,120,12,7.88343,51486
King of Tokyo,70323,2011,2,6,30,30,8,7.21686,50656
Ticket to Ride: Europe,14996,2005,2,5,30,60,8,7.55494,49718
Love Letter,129622,2012,2,4,20,20,10,7.24439,48955
Splendor,148228,2014,2,4,30,30,10,7.46787,48314
Terraforming Mars,167791,2016,1,5,120,120,12,8.41187,44904
7 Wonders Duel,173346,2015,2,2,30,30,10,8.11276,44858
Citadels,478,2000,2,8,20,60,10,7.09491,44774
Scythe,169786,2016,1,5,90,115,14,8.26949,44234
Dixit,39856,2008,3,6,30,30,8,7.28233,43503
Race for the Galaxy,28143,2007,2,4,30,60,12,7.76225,41900
Lords of Waterdeep,110327,2012,2,5,60,120,12,7.76312,40349
Stone Age,34635,2008,2,4,60,90,10,7.59176,39779
The Castles of Burgundy,84876,2011,2,4,30,90,12,8.12672,39015
Munchkin,1927,2001,3,6,60,120,10,5.91498,37270
Forbidden Island,65244,2010,2,4,30,30,10,6.81159,36822
Patchwork,163412,2014,2,2,15,30,8,7.69504,36438
Twilight Struggle,12333,2005,2,2,120,180,13,8.31891,35934
Arkham Horror,15987,2005,1,8,120,240,14,7.28273,34954
Bohnanza,11,1997,2,7,45,45,13,7.04043,34867
Azul,230802,2017,2,4,30,45,8,7.88663,34576
Dead of Winter: A Crossroads Game,150376,2014,2,5,60,120,13,7.64559,34550
Terra Mystica,120677,2012,2,5,60,150,12,8.17762,34148
Hanabi,98778,2010,2,5,25,25,8,7.12302,33633
Pandemic Legacy: Season 1,161936,2015,2,4,60,60,13,8.62842,33448
Lost Cities,50,1999,2,2,30,30,10,7.16082,33057
The Resistance,41114,2009,5,10,30,30,13,7.31799,32797
Betrayal at House on the Hill,10547,2004,3,6,60,60,12,7.07131,31998
Coup,131357,2012,2,6,15,15,13,7.0285,30790
Battlestar Galactica: The Board Game,37111,2008,3,6,120,180,14,7.73978,30652
Star Realms,147020,2014,2,2,20,20,12,7.60432,30329
Jaipur,54043,2009,2,2,30,30,12,7.51486,30023
Takenoko,70919,2011,2,4,45,45,8,7.29614,29522
Gloomhaven,174430,2017,1,4,60,120,12,8.86799,28997
Magic: The Gathering,463,1993,2,2,20,20,13,7.48699,28947
Robinson Crusoe: Adventures on the Cursed Island,121921,2012,1,4,60,120,14,7.88877,28577
Sushi Go!,133473,2013,2,5,15,15,8,7.06726,28348
Dominion: Intrigue,40834,2009,2,4,30,30,13,7.73607,27835
Blood Rage,170216,2015,2,4,60,90,14,8.01338,27646
Five Tribes,157354,2014,2,4,40,80,13,7.77221,27257
Risk,181,1959,2,6,120,120,10,5.5814,27046
Galaxy Trucker,31481,2007,2,4,60,60,10,7.42728,26560
Alhambra,6249,2003,2,6,45,60,8,7.02518,26014
Hive,2655,2001,2,2,20,20,9,7.32338,26007
Tzolk&#039;in: The Mayan Calendar,126163,2012,2,4,90,90,13,7.91975,25951
Mysterium,181304,2015,2,7,42,42,10,7.37711,25604
A Game of Thrones: The Board Game (Second Edition),103343,2011,3,6,120,240,14,7.64789,25353
Sheriff of Nottingham,157969,2014,3,5,60,60,14,7.19184,25307
Caylus,18602,2005,2,5,60,150,12,7.80365,25153
Chess,171,1475,2,2,60,60,6,7.10209,25148
Eldritch Horror,146021,2013,1,8,120,240,14,7.84291,25074
Android: Netrunner,124742,2012,2,2,45,45,14,7.88665,24950
Cosmic Encounter,39463,2008,3,5,60,120,12,7.54645,24850
Caverna: The Cave Farmers,102794,2013,1,7,30,210,12,8.05179,24849
Mage Knight Board Game,96848,2011,1,4,60,240,14,8.10061,24605
Eclipse,72125,2011,2,6,60,180,14,7.92921,24574
Monopoly,1406,1933,2,8,60,180,8,4.36741,24502
BANG!,3955,2002,4,7,20,40,10,6.52129,24033
Shadows over Camelot,15062,2005,3,7,60,80,10,7.1275,24012
Le Havre,35677,2008,1,5,30,150,12,7.88534,23884
Scrabble,320,1948,2,4,90,90,10,6.28212,23762
The Resistance: Avalon,128882,2012,5,10,30,30,13,7.60964,23745
Tigris &amp; Euphrates,42,1997,2,4,90,90,12,7.70368,23672
Memoir &#039;44,10630,2004,2,8,30,60,8,7.55564,23402
Kingdomino,204583,2016,2,4,15,20,8,7.36817,22775
Roll for the Galaxy,132531,2014,2,5,45,45,13,7.71086,22555
Machi Koro,143884,2012,2,4,30,30,10,6.64728,22390
Saboteur,9220,2004,3,10,30,30,8,6.59568,22176
Forbidden Desert,136063,2013,2,5,45,45,10,7.18566,22071
Great Western Trail,193738,2016,2,4,75,150,12,8.28956,21921
Concordia,124361,2013,2,5,100,100,13,8.10505,21898
El Grande,93,1995,2,5,60,120,12,7.76883,21858
RoboRally,18,1994,2,8,45,120,12,7.09619,21534
Istanbul,148949,2014,2,5,40,60,10,7.59759,21459
Star Wars: X-Wing Miniatures Game,103885,2012,2,2,30,45,14,7.73592,21385
Smash Up,122522,2012,2,4,45,45,12,6.78919,21258
San Juan,8217,2004,2,4,45,60,10,7.27013,21120
Tsuro,16992,2004,2,8,15,15,8,6.67479,20771
For Sale,172,1997,3,6,30,30,10,7.21995,20638
Blokus,2453,2000,2,4,20,20,5,6.90077,20583
T.I.M.E Stories,146508,2015,2,4,90,90,12,7.7018,20332
Cards Against Humanity,50381,2009,4,30,30,30,17,5.99956,20285
Colt Express,158899,2014,2,6,30,40,10,7.15715,20270
Descent: Journeys in the Dark (Second Edition),104162,2012,2,5,120,120,14,7.71884,20253
Viticulture Essential Edition,183394,2015,1,6,45,90,13,8.12283,20241
Elder Sign,100423,2011,1,8,90,90,13,6.99702,20152
Santorini,194655,2016,2,4,20,20,8,7.59253,20047
Clank!: A Deck-Building Adventure,201808,2016,2,4,30,60,12,7.80969,19911
Arkham Horror: The Card Game,205637,2016,1,2,60,120,14,8.20358,19885
Camel Up,153938,2014,2,8,20,30,8,7.06138,19861
Castles of Mad King Ludwig,155426,2014,1,4,90,90,13,7.6052,19770
Suburbia,123260,2012,1,4,90,90,8,7.55243,19629
The Lord of the Rings: The Card Game,77423,2011,1,2,30,60,13,7.63489,18794
Flash Point: Fire Rescue,100901,2011,2,6,45,45,10,7.22595,18788
Mansions of Madness: Second Edition,205059,2016,1,5,120,180,14,8.13128,18657
Imperial Settlers,154203,2014,1,4,45,90,10,7.46141,18470
Carcassonne: Expansion 1 – Inns &amp; Cathedrals,2993,2002,2,6,60,60,8,7.61527,18357
Seasons,108745,2012,2,4,60,60,14,7.43534,18275
No Thanks!,12942,2004,3,7,20,20,8,7.04964,18203
Guillotine,116,1998,2,5,30,30,12,6.53461,18184
Star Wars: Rebellion,187645,2016,2,4,180,240,14,8.43019,18160
Village,104006,2011,2,4,60,90,12,7.53724,18122
One Night Ultimate Werewolf,147949,2014,3,10,10,10,8,7.18992,18010
Survive: Escape from Atlantis!,2653,1982,2,4,45,60,8,7.30581,18000
"Hey, That&#039;s My Fish!",8203,2003,2,4,20,20,8,6.72485,17988
Ghost Stories,37046,2008,1,4,60,60,12,7.34661,17925
Ra,12,1999,2,5,45,60,12,7.46877,17880
UNO,2223,1971,2,10,30,30,6,5.36289,17725
Legendary: A Marvel Deck Building Game,129437,2012,1,5,45,45,14,7.59679,17709
Star Wars: Imperial Assault,164153,2014,2,5,60,120,14,8.05484,17611
Sagrada,199561,2017,1,4,30,45,14,7.55551,17622
Twilight Imperium (Third Edition),12493,2005,3,6,180,240,14,7.85977,17537
Kingsburg,27162,2007,2,5,90,90,13,7.20879,17514
Through the Ages: A New Story of Civilization,182028,2015,2,4,120,120,14,8.50909,17426
Orléans,164928,2014,2,4,90,90,12,8.08116,17374
Kingdom Builder,107529,2011,2,4,45,45,8,6.97684,17301
Acquire,5,1964,2,6,90,90,12,7.34733,17287
Through the Ages: A Story of Civilization,25613,2006,2,4,120,120,12,7.98099,17152
Tokaido,123540,2012,2,5,45,45,8,7.03165,17136
Thurn and Taxis,21790,2006,2,4,60,60,13,7.10744,16976
BANG! The Dice Game,143741,2013,3,8,15,15,8,6.98302,16915
Isle of Skye: From Chieftain to King,176494,2015,2,5,30,50,8,7.45172,16817
Keyflower,122515,2012,2,6,90,120,12,7.84044,16663
The Voyages of Marco Polo,171623,2015,2,4,40,100,12,7.93372,16655
Tikal,54,1999,2,4,90,90,10,7.34205,16609
Apples to Apples,74,1999,4,10,30,30,12,5.84479,16592
6 nimmt!,432,1994,2,10,45,45,8,6.89503,16591
Coloretto,5782,2003,2,5,30,30,8,6.96817,16400
Dominant Species,62219,2010,2,6,120,240,14,7.85101,16312
Brass: Lancashire,28720,2007,2,4,60,120,14,8.13976,16088
Spyfall,166384,2014,3,8,15,15,13,6.95976,16060
Cyclades,54998,2009,2,5,60,90,13,7.52511,16051
Troyes,73439,2010,2,4,90,90,12,7.76635,15958
Wingspan,266192,2019,1,5,40,70,10,8.08825,15958
Sushi Go Party!,192291,2016,2,8,20,20,8,7.50035,15717
Alchemists,161970,2014,2,4,120,120,13,7.694,15608
Clue,1294,1949,3,6,45,45,8,5.6592,15603
Catan: Cities &amp; Knights,926,1998,3,4,90,90,12,7.4599,15589
Formula D,37904,2008,2,10,60,60,8,7.03429,15572
Exploding Kittens,172225,2015,2,5,15,15,7,5.97191,15513
The Pillars of the Earth,24480,2006,2,4,90,120,12,7.3021,15335
Diamant,15512,2005,3,8,30,30,8,6.8258,15177
Mice and Mystics,124708,2012,1,4,60,90,7,7.35443,14916
Zombie Dice,62871,2010,2,99,10,20,10,6.21738,14871
Zombicide,113924,2012,1,6,60,60,14,7.19631,14860
Modern Art,118,1992,3,5,45,45,10,7.37806,14859
Pandemic: On the Brink,40849,2009,2,5,45,45,8,8.08016,14847
Catan: Seafarers,325,1997,3,4,90,90,10,7.15646,14774
Ingenious,9674,2004,1,4,45,45,10,7.13618,14704
Fluxx,258,1997,2,6,5,30,8,5.68255,14687
Battle Line,760,2000,2,2,30,30,12,7.41716,14501
Jamaica,28023,2007,2,6,30,60,8,7.05566,14426
Carcassonne: Expansion 2 – Traders &amp; Builders,5405,2003,2,6,60,60,13,7.60424,14390
Escape: The Curse of the Temple,113294,2012,1,5,10,10,8,7.02223,14390
Spirit Island,162886,2017,1,4,90,120,13,8.33483,14405
Sherlock Holmes Consulting Detective: The Thames Murders &amp; Other Cases,2511,1981,1,8,60,120,13,7.78883,14304
Century: Spice Road,209685,2017,2,5,30,45,8,7.37297,14272
The Princes of Florence,555,2000,2,5,75,100,12,7.5443,14196
Dixit: Odyssey,92828,2011,3,12,30,30,8,7.47693,14142
Qwirkle,25669,2006,2,4,45,45,6,6.79159,14083
Kemet,127023,2012,2,5,90,120,13,7.73454,14071
Friday,43570,2011,1,1,25,25,13,7.18202,13978
Mr. Jack,21763,2006,2,2,30,30,9,7.03674,13946
Space Alert,38453,2008,1,5,30,30,12,7.46096,13937
Zombies!!!,2471,2001,2,6,60,90,15,5.82135,13825
Samurai,3,1998,2,4,30,60,10,7.44119,13764
Codenames: Pictures,198773,2016,2,8,15,15,10,7.31654,13755
Sentinels of the Multiverse,102652,2011,2,5,30,60,8,7.2601,13685
Saint Petersburg,9217,2004,2,4,45,60,10,7.3142,13625
Sid Meier&#039;s Civilization: The Board Game,77130,2010,2,4,120,240,13,7.44328,13578
Catan: 5-6 Player Extension,2807,1996,5,6,120,120,10,6.98691,13544
Dominion: Seaside,51811,2009,2,4,30,30,13,8.05587,13523
Biblios,34219,2007,2,4,30,30,10,7.20452,13519
Chaos in the Old World,43111,2009,3,4,60,120,13,7.67415,13502
Lord of the Rings,823,2000,2,5,60,90,12,6.75537,13371
Alien Frontiers,48726,2010,2,4,90,90,13,7.44284,13368
Innovation,63888,2010,2,4,45,60,12,7.2368,13370
Zooloretto,27588,2007,2,5,45,45,8,6.84806,13184
Trajan,102680,2011,2,4,60,120,12,7.77535,13186
Last Night on Earth: The Zombie Game,29368,2007,2,6,60,90,12,6.96251,13168
Captain Sonar,171131,2016,2,8,45,60,14,7.61543,13143
Castle Panic,43443,2009,1,6,60,60,10,6.66717,13103
Secret Hitler,188834,2016,5,10,45,45,13,7.58082,13085
Concept,147151,2013,4,12,40,40,10,6.86859,12852
Scotland Yard,438,1983,3,6,45,45,10,6.50421,12807
Russian Railroads,144733,2013,2,4,90,120,12,7.79081,12809
A Feast for Odin,177736,2016,1,4,30,120,12,8.17948,12774
Tiny Epic Galaxies,163967,2015,1,5,30,45,14,7.39097,12689
Quarriors!,91536,2011,2,4,30,30,14,6.77412,12646
King of New York,160499,2014,2,6,40,40,10,7.00809,12493
Stratego,1917,1946,2,2,45,45,8,6.0777,12458
Deception: Murder in Hong Kong,156129,2014,4,12,20,20,14,7.51866,12440
Legends of Andor,127398,2012,2,4,60,90,10,7.22791,12420
Dominion: Prosperity,66690,2010,2,4,30,30,13,8.27082,12413
Gloom,12692,2005,2,4,60,60,13,6.35566,12395
Catan Card Game,278,1996,2,2,90,90,10,6.73763,12358
7 Wonders: Leaders,92539,2011,2,7,40,40,13,7.83042,12354
Tichu,215,1991,4,4,60,60,10,7.58438,12352
Glory to Rome,19857,2005,2,5,60,60,12,7.48495,12333
Dungeon Lords,45315,2009,2,4,90,90,12,7.40962,12288
Neuroshima Hex! 3.0,21241,2006,1,4,30,30,13,7.41344,12267
Letters from Whitechapel,59959,2011,2,6,60,60,14,7.42677,12266
Wits &amp; Wagers,20100,2005,3,7,25,25,10,6.94373,12238
Shogun,20551,2006,3,5,90,120,12,7.55159,12160
Mansions of Madness,83330,2011,2,5,120,180,13,7.31981,12155
Rising Sun,205896,2018,3,5,90,120,14,7.95707,12155
Through the Desert,503,1998,2,5,45,45,10,7.05908,12031
Root,237182,2018,2,4,60,90,10,8.08574,12006
Boss Monster: The Dungeon Building Card Game,131835,2013,2,4,30,30,13,6.30545,11997
Photosynthesis,218603,2017,2,4,30,60,10,7.21286,11927
Mechs vs. Minions,209010,2016,2,4,60,90,14,8.10498,11908
The 7th Continent,180263,2017,1,4,5,1000,14,8.40492,11907
Talisman (Revised 4th Edition),27627,2007,2,6,90,90,13,6.53235,11881
Magic Maze,209778,2017,1,8,15,15,8,7.14886,11827
Merchants &amp; Marauders,25292,2010,2,4,180,180,13,7.43349,11817
The Mind,244992,2018,2,4,15,15,8,7.00949,11615
Notre Dame,25554,2007,2,5,45,75,10,7.3625,11522
Evolution,155703,2014,2,6,60,60,12,7.18796,11497
Space Hulk: Death Angel – The Card Game,71721,2010,1,6,30,60,13,6.99094,11485
Perudo,45,1800,2,6,15,30,8,6.9171,11472
Pathfinder Adventure Card Game: Rise of the Runelords – Base Set,133038,2013,1,4,90,90,13,7.25613,11428
Onitama,160477,2014,2,2,15,20,8,7.45268,11411
Lewis &amp; Clark,140620,2013,1,5,120,120,14,7.51179,11406
Dungeon Petz,97207,2011,2,4,90,90,13,7.50381,11399
Diplomacy,483,1959,2,7,360,360,12,7.05503,11375
Libertalia,125618,2012,2,6,45,45,14,7.19256,11336
Agricola: All Creatures Big and Small,119890,2012,2,2,30,30,13,7.41726,11313
Gaia Project,220308,2017,1,4,60,150,12,8.52054,11182
Can&#039;t Stop,41,1980,2,4,30,30,9,6.84973,11144
Roll Through the Ages: The Bronze Age,37380,2008,1,4,30,45,8,6.89009,11034
Descent: Journeys in the Dark,17226,2005,2,5,120,240,13,7.31077,11001
Ca$h &#039;n Guns (Second Edition),155362,2014,4,8,30,30,10,6.94172,10962
Fresco,66188,2010,2,4,60,60,10,7.3054,10950
Rummikub,811,1977,2,4,60,60,8,6.33651,10934
Skull,92415,2011,3,6,45,45,14,7.18931,10924
Tales of the Arabian Nights,34119,2009,1,6,120,120,12,7.22091,10836
Ascension: Deckbuilding Game,69789,2010,1,4,30,30,13,7.03109,10835
Above and Below,172818,2015,2,4,90,90,13,7.48352,10835
Food Chain Magnate,175914,2015,2,5,120,240,14,8.18559,10826
War of the Ring (Second Edition),115746,2012,2,4,150,180,13,8.44081,10694
Goa,9216,2004,2,4,90,90,12,7.59824,10638
Raiders of the North Sea,170042,2015,2,4,60,80,12,7.8101,10611
Railways of the World,17133,2005,2,6,120,120,10,7.68831,10593
Telestrations,46213,2009,4,8,30,30,12,7.41113,10561
Hansa Teutonica,43015,2009,2,5,45,90,12,7.64192,10526
The Grizzled,171668,2015,2,5,30,30,14,7.23986,10487
Red7,161417,2014,2,4,5,30,9,6.95584,10473
Clans of Caledonia,216132,2017,1,4,30,120,12,8.03538,10466
Zombicide: Black Plague,176189,2015,1,6,60,180,14,7.72144,10415
Carcassonne: Hunters and Gatherers,4390,2002,2,5,30,45,8,7.13588,10401
Port Royal,156009,2014,2,5,20,50,8,7.14669,10339
Nations,126042,2013,1,5,40,200,14,7.66211,10304
Dice Forge,194594,2017,2,4,45,45,10,7.32901,10267
Ticket to Ride: Nordic Countries,31627,2007,2,3,30,60,8,7.6387,10239
Lords of Waterdeep: Scoundrels of Skullport,134342,2013,2,6,60,60,12,8.21892,10237
Yahtzee,2243,1956,2,10,30,30,6,5.34089,10207
Jungle Speed,8098,1997,2,8,10,10,7,6.52916,10152
Spot it!,63268,2009,2,8,15,15,7,6.661,10097
Crokinole,521,1876,2,4,30,30,8,7.82151,10041
Champions of Midgard,172287,2015,2,4,60,90,10,7.78143,9998
Welcome to the Dungeon,150312,2013,2,4,30,30,10,6.65017,9997
In the Year of the Dragon,31594,2007,2,5,75,100,12,7.38038,9985
HeroQuest,699,1989,2,5,90,90,10,7.11214,9984
Targi,118048,2012,2,2,60,60,12,7.61628,9970
Jenga,2452,1983,1,8,20,20,6,5.5916,9926
Summoner Wars: Master Set,93260,2011,2,4,30,60,9,7.54357,9883
A Game of Thrones (First Edition),6472,2003,3,5,180,180,12,7.24009,9880
Potion Explosion,180974,2015,2,4,30,45,8,7.18119,9844
SET,1198,1988,2,20,30,30,6,6.49091,9809
Axis &amp; Allies,98,1981,2,5,180,180,12,6.56002,9796
Tobago,42215,2009,2,4,60,60,10,7.12528,9745
Thunderstone,53953,2009,1,5,60,60,12,6.95847,9743
Legendary Encounters: An Alien Deck Building Game,146652,2014,1,5,30,60,17,7.78233,9732
Blood Bowl: Team Manager – The Card Game,90137,2011,2,4,90,90,14,7.37844,9658
Inis,155821,2016,2,4,60,90,14,7.79527,9606
King of Tokyo: Power Up!,127067,2012,2,6,30,30,8,7.64526,9574
Age of Empires III: The Age of Discovery,22545,2007,2,5,90,120,10,7.55304,9565
War of the Ring (First Edition),9609,2004,2,4,120,120,12,7.77394,9559
Firefly: The Game,138161,2013,1,4,120,240,13,7.39179,9502
Ca$h &#039;n Gun$,19237,2005,4,6,30,30,10,6.60103,9460
Ticket to Ride: USA 1910,24439,2006,2,5,30,60,8,8.00475,9438
Grand Austria Hotel,182874,2015,2,4,60,120,12,7.78624,9382
Carcassonne: The River,2591,2001,2,5,30,45,8,6.98502,9381
Quadropolis,176396,2016,2,4,30,60,8,7.33106,9360
Imhotep,191862,2016,2,4,40,40,10,7.21953,9300
Mombasa,172386,2015,2,4,75,150,12,7.91595,9276
Taboo,1111,1989,4,10,20,20,12,6.28262,9268
Codenames: Duet,224037,2017,2,4,15,30,11,7.66925,9263
The Game of Life,2921,1960,2,6,60,60,8,4.25847,9214
Bruges,136888,2013,2,4,60,60,10,7.44809,9196
Hero Realms,198994,2016,2,4,20,30,12,7.65588,9164
Welcome To...,233867,2018,1,100,25,25,10,7.65625,9149
Fury of Dracula (Third/Fourth Edition),181279,2015,2,5,120,180,14,7.55492,9142
Race for the Galaxy: The Gathering Storm,34499,2008,1,5,60,60,12,8.08753,9138
Steam,27833,2009,3,5,90,90,10,7.61726,9062
Charterstone,197376,2017,1,6,45,75,14,7.55325,9061
Labyrinth,1219,1986,2,4,20,20,8,6.3899,9049
Arboretum,140934,2015,2,4,30,30,8,7.41354,9041
Ora et Labora,70149,2011,1,4,60,180,13,7.71237,9040
BattleLore,25417,2006,2,2,60,60,10,7.37011,8962
Small World Underground,97786,2011,2,5,30,90,8,7.29275,8954
PitchCar,150,1995,2,8,30,30,6,7.24141,8883
7 Wonders: Cities,111661,2012,2,8,40,40,10,7.84651,8881
The Werewolves of Miller&#039;s Hollow,25821,2001,8,18,30,30,10,6.77503,8822
Eminent Domain,68425,2011,2,4,45,45,10,7.08111,8806
Viticulture,128621,2013,2,6,90,90,13,7.63541,8806
Endeavor,33160,2009,3,5,90,90,12,7.4252,8791
Fury of Dracula (Second Edition),20963,2005,2,5,180,180,10,7.14234,8769
Architects of the West Kingdom,236457,2018,1,5,60,80,12,7.87084,8703
Thebes,30869,2007,2,4,60,60,8,7.14697,8680
At the Gates of Loyang,39683,2009,1,4,60,120,10,7.38427,8659
Roll Player,169426,2016,1,4,60,90,10,7.52256,8612
The Quacks of Quedlinburg,244521,2018,2,4,45,45,10,7.72667,8579
Twilight Imperium (Fourth Edition),233078,2017,3,6,240,480,14,8.69079,8558
The Manhattan Project,63628,2012,2,5,120,120,13,7.40762,8545
Discworld: Ankh-Morpork,91312,2011,2,4,60,60,11,7.21795,8529
Ticket to Ride: Märklin,21348,2006,2,5,30,60,8,7.4048,8416
Poker,1115,1810,2,10,60,60,12,6.6948,8358
Bora Bora,127060,2013,2,4,60,120,12,7.56696,8358
Between Two Cities,168435,2015,1,7,25,25,8,7.05238,8339
Anachrony,185343,2017,1,4,30,120,15,8.12475,8334
Pandemic Legacy: Season 2,221107,2017,2,4,60,60,14,8.22079,8327
Last Will,97842,2011,2,5,45,75,14,7.20686,8321
Flamme Rouge,199478,2016,2,4,30,45,8,7.58385,8303
Mascarade,139030,2013,2,13,30,30,10,6.64213,8295
Pandemic: The Cure,150658,2014,2,5,30,30,8,7.32582,8269
Lanterns: The Harvest Festival,160851,2015,2,4,30,30,8,6.95099,8249
Euphoria: Build a Better Dystopia,133848,2013,2,6,60,60,13,7.28131,8240
Nexus Ops,15363,2005,2,4,90,90,12,7.22842,8208
Glen More,66362,2010,2,5,45,70,10,7.33557,8197
Amun-Re,5404,2003,3,5,90,90,12,7.32903,8196
Brass: Birmingham,224517,2018,2,4,60,120,14,8.61432,8193
Glass Road,143693,2013,1,4,20,80,13,7.45488,8185
Arcadia Quest,155068,2014,2,4,60,60,13,7.78357,8153
Torres,88,1999,2,4,60,60,12,7.1493,8145
Abyss,155987,2014,2,4,30,60,14,7.30245,8142
Fairy Tale,13823,2004,2,5,30,30,10,6.7452,8134
Pickomino,15818,2005,2,7,20,20,8,6.55051,8116
Bärenpark,219513,2017,2,4,30,45,8,7.36039,8108
1960: The Making of the President,27708,2007,2,2,90,120,12,7.59556,8104
Colosseum,27746,2007,3,5,60,90,10,7.22031,8083
That&#039;s Pretty Clever,244522,2018,1,4,30,30,8,7.64481,8083
Carcassonne: Expansion 3 – The Princess &amp; The Dragon,15158,2005,2,6,60,60,13,6.74604,8082
K2,73761,2010,1,5,30,60,8,7.09669,8071
Las Vegas,117959,2012,2,5,30,30,8,7.11543,8012
Imperial,24181,2006,2,6,120,180,13,7.61554,7987
Dungeons &amp; Dragons: Castle Ravenloft Board Game,59946,2010,1,5,60,60,12,6.97511,7943
Cranium,891,1998,4,16,60,60,13,5.68302,7912
Harry Potter: Hogwarts Battle,199042,2016,2,4,30,60,11,7.49403,7880
Condottiere,112,1995,2,6,45,45,14,6.8013,7776
Loopin&#039; Louie,327,1992,2,4,10,10,4,6.81379,7761
Jambo,12002,2004,2,2,45,45,12,7.02564,7755
Paperback,141572,2014,2,5,45,45,8,7.24056,7738
Pirate&#039;s Cove,2987,2002,3,5,60,90,8,6.58055,7719
Deep Sea Adventure,169654,2014,2,6,30,30,8,7.06928,7680
Dinosaur Island,221194,2017,1,4,90,120,8,7.81417,7679
Pit,140,1903,3,8,30,90,7,6.38861,7662
Mission: Red Planet (Second Edition),176920,2015,2,6,45,90,14,7.49836,7659
Dominion: Alchemy,66098,2010,2,4,30,30,13,6.94737,7657
Elysium,163968,2015,2,4,60,60,14,7.25949,7614
Vikings,27173,2007,2,4,60,60,10,7.26197,7610
Cuba,30380,2007,2,5,75,120,10,7.15797,7604
The Gallerist,125153,2015,1,4,60,150,13,8.0219,7597
Commands &amp; Colors: Ancients,14105,2006,2,2,60,60,12,7.77984,7581
Elfenland,10,1998,2,6,60,60,10,6.72717,7549
Age of Steam,4098,2002,1,6,120,120,13,7.70183,7546
Kahuna,394,1998,2,2,30,40,10,6.64887,7530
Runebound (Second Edition),21523,2005,2,6,120,240,12,6.88397,7529
Shadow Hunters,24068,2005,4,8,45,45,13,6.82944,7525
Heroscape Master Set: Rise of the Valkyrie,11170,2004,2,4,90,90,8,7.42946,7522
Yspahan,22345,2006,2,4,45,60,8,7.09791,7519
Once Upon a Time: The Storytelling Card Game,1234,1993,2,6,30,30,8,6.43364,7513
Formula Dé,173,1991,2,10,120,120,10,6.9891,7505
Qwixx,131260,2012,2,5,15,15,8,6.88607,7504
Navegador,66589,2010,2,5,60,90,12,7.55903,7496
Ethnos,206718,2017,2,6,45,60,14,7.50714,7484
Niagara,13308,2004,3,5,30,45,8,6.50688,7478
Scattergories,2381,1988,2,6,30,30,12,6.16016,7466
Red November,36946,2008,1,8,60,120,13,6.32263,7463
Ricochet Robots,51,1999,1,99,30,30,10,7.00275,7425
Battleship,2425,1931,2,2,30,30,8,4.60706,7421
Monopoly Deal Card Game,40398,2008,2,5,15,15,8,6.26263,7411
Mystery of the Abbey,915,1995,3,6,60,90,10,6.54448,7399
TransAmerica,2842,2001,2,6,30,30,13,6.66313,7399
Runewars,59294,2010,2,4,180,240,14,7.65509,7389
Chinatown,47,1999,3,5,60,60,12,7.28444,7363
Cribbage,2398,1630,2,4,30,30,10,7.04052,7336
BANG! The Bullet!,30933,2007,3,8,20,40,8,6.94158,7302
Blue Moon City,21882,2006,2,4,60,60,10,7.0478,7291
Oh My Goods!,183840,2015,2,4,30,30,10,7.01033,7261
Teotihuacan: City of Gods,229853,2018,1,4,90,120,12,7.96671,7237
Cartagena,826,2000,2,5,45,45,8,6.6883,7231
Bananagrams,27225,2006,1,8,15,15,7,6.3562,7214
Wizard,1465,1984,3,6,45,45,10,6.90018,7186
Taluva,24508,2006,2,4,45,45,8,7.18146,7186
Trains,121408,2012,2,4,45,45,12,7.19712,7156
Karuba,183251,2015,2,4,30,40,8,7.21654,7155
Chronicles of Crime,239188,2018,1,4,60,90,14,7.95387,7151
Hanamikoji,158600,2013,2,2,15,15,10,7.55448,7142
Mystic Vale,194607,2016,2,4,45,45,14,7.29784,7132
XCOM: The Board Game,163602,2015,1,4,60,120,14,7.08122,7109
Carcassonne: The Castle,7717,2003,2,2,30,30,8,7.09124,7100
High Society,220,1995,3,5,15,30,10,6.97723,7082
La Granja,146886,2014,1,4,90,120,12,7.70108,7079
Fearsome Floors,7805,2003,2,7,60,60,10,6.66031,7060
Rise of Augustus,137297,2013,2,6,30,30,8,6.75129,7051
Trivial Pursuit: Genus Edition,2952,1981,2,24,90,90,12,5.20923,7023
Dungeon Roll,138788,2013,1,4,15,15,8,6.1396,7022
A Few Acres of Snow,79828,2011,2,2,60,120,14,7.41037,7011
Chicago Express,31730,2007,2,6,60,60,12,7.23368,6984
Mage Wars Arena,101721,2012,2,2,90,90,13,7.68023,6961
KeyForge: Call of the Archons,257501,2018,2,2,15,45,14,7.5266,6960
Ubongo,16986,2003,1,4,25,25,8,6.71841,6956
Risk Legacy,105134,2011,3,5,60,60,13,7.46272,6939
The Downfall of Pompeii,13004,2004,2,4,45,45,10,7.13113,6918
The Game,173090,2015,1,5,20,20,8,6.70531,6882
Eight-Minute Empire,131366,2012,2,5,8,20,13,6.60094,6873
Cacao,171499,2015,2,4,45,45,8,7.11881,6853
Rhino Hero,91514,2011,2,5,5,15,5,6.95889,6832
Civilization,71,1980,2,7,360,360,12,7.50843,6817
Mr. Jack Pocket,72287,2010,2,2,15,15,14,6.9378,6805
The Quest for El Dorado,217372,2017,2,4,30,60,10,7.55782,6799
Terror in Meeple City,97903,2013,2,4,45,45,8,6.88181,6794
Burgle Bros.,172081,2015,1,4,45,90,12,7.59857,6788
StarCraft: The Board Game,22827,2007,2,6,180,240,12,7.33737,6775
Taj Mahal,475,2000,3,5,75,100,12,7.30162,6773
Colossal Arena,105,1997,2,5,60,60,8,6.77841,6767
Mille Bornes,590,1954,2,6,45,45,8,5.68939,6747
Medici,46,1995,2,6,60,60,10,7.14081,6736
Yokohama,196340,2016,2,4,90,90,14,7.90096,6730
Cockroach Poker,11971,2004,2,6,20,20,8,6.65599,6716
Broom Service,172308,2015,2,5,30,75,10,7.2092,6703
Archipelago,105551,2012,2,5,30,240,14,7.37518,6698
Pandemic: Iberia,198928,2016,2,5,45,45,8,7.95566,6690
Timeline: Inventions,85256,2010,2,8,15,15,8,6.71249,6683
Decrypto,225694,2018,3,8,15,45,12,7.8159,6648
Rococo,144344,2013,2,5,60,120,12,7.58479,6627
Celestia,175117,2015,2,6,30,30,8,7.03005,6606
Exit: The Game – The Abandoned Cabin,203420,2016,1,6,60,120,12,7.63566,6602
YINSH,7854,2003,2,2,30,60,9,7.68206,6600
Flick &#039;em Up!,169124,2015,2,10,30,45,7,7.01121,6600
Macao,55670,2009,2,4,50,100,12,7.4286,6570
Hive Pocket,154597,2010,2,2,20,20,9,7.68785,6558
Phase 10,1258,1982,2,6,45,45,8,5.09799,6546
Lorenzo il Magnifico,203993,2016,2,4,60,120,12,7.88004,6468
Carson City,39938,2009,2,5,90,90,12,7.26632,6463
Airlines Europe,90419,2011,2,5,75,75,10,7.32177,6455
Space Hulk (third edition),54625,2009,2,2,60,60,12,7.54092,6451
Deus,162082,2014,2,4,60,90,14,7.3487,6449
Spartacus: A Game of Blood &amp; Treachery,128671,2012,3,4,120,180,17,7.46172,6431
7 Wonders Duel: Pantheon,202976,2016,2,2,30,45,10,8.06161,6425
Forbidden Stars,175155,2015,2,4,120,180,14,7.97163,6422
Aeon&#039;s End,191189,2016,1,4,60,60,14,8.05946,6420
Finca,40628,2009,2,4,45,45,10,7.07123,6415
The Red Dragon Inn,24310,2007,2,4,45,45,13,6.57248,6408
Risk 2210 A.D.,1829,2001,2,5,240,240,10,6.69299,6403
Claustrophobia,36932,2009,2,2,45,45,14,7.54093,6378
Tiny Epic Kingdoms,148951,2014,2,5,30,45,13,6.62365,6373
Onirim (second edition),156336,2014,1,2,15,15,10,7.13955,6369
Kingdom Death: Monster,55690,2015,1,4,60,180,17,8.74872,6352
The Great Dalmuti,929,1995,4,8,60,60,8,6.5524,6351
Pandemic: Reign of Cthulhu,192153,2016,2,4,40,40,14,7.43543,6349
Fields of Arle,159675,2014,1,2,60,120,13,8.11742,6341
Morels,122298,2012,2,2,30,30,10,7.02369,6323
Boggle,1293,1972,1,8,10,10,8,6.19347,6319
Munchkin 2: Unnatural Axe,3943,2002,3,6,90,90,10,6.44671,6316
Checkers,2083,1150,2,2,30,30,6,4.86984,6313
Dead of Winter: The Long Night,193037,2016,2,5,60,120,14,7.7339,6313
Lord of the Rings: The Confrontation,3201,2002,2,2,30,30,12,7.20351,6291
Othello,2389,1883,2,2,30,30,8,6.08185,6287
Dice Town,40793,2009,2,5,45,45,10,6.85773,6285
Among the Stars,110277,2012,2,4,30,30,12,7.12528,6281
Exploding Kittens: NSFW Deck,172242,2015,2,5,10,20,18,6.19425,6280
Pictionary,2281,1985,3,16,90,90,12,5.81403,6260
Raptor,177639,2015,2,2,25,25,9,7.38309,6250
Animal Upon Animal,17329,2005,2,4,15,15,4,6.8375,6217
Sequence,2375,1982,2,12,10,30,7,5.97388,6215
Lancaster,96913,2011,2,5,60,60,10,7.44105,6211
Not Alone,194879,2016,2,7,30,45,10,7.06606,6201
Attika,8051,2003,2,4,45,60,10,7.00709,6197
Dixit: Quest,55660,2010,3,6,30,30,8,7.71663,6185
ICECOOL,177524,2016,2,4,30,30,6,6.86039,6180
Schotten Totten,372,1999,2,2,20,20,8,7.31028,6157
Rajas of the Ganges,220877,2017,2,4,45,75,12,7.6923,6150
Kill Doctor Lucky,257,1996,3,8,45,45,12,6.1562,6146
Citadels:  The Dark City,13291,2004,2,8,60,60,10,7.02785,6145
Smash Up: Awesome Level 9000,134726,2013,2,2,45,45,12,7.28868,6099
Cleopatra and the Society of Architects,22141,2006,3,5,60,60,10,6.8067,6069
London,65781,2010,2,4,90,90,13,7.37603,6054
Arkham Horror: Dunwich Horror Expansion,21059,2006,1,8,240,240,12,7.81093,6011
Scythe: Invaders from Afar,199727,2016,1,7,90,140,14,8.38705,6009
Xia: Legends of a Drift System,82222,2014,3,5,60,180,12,7.8599,5999
Clank! In! Space!,233371,2017,2,4,45,90,12,7.87907,5993
Tides of Time,176229,2015,2,2,15,20,8,6.70961,5961
This War of Mine: The Board Game,188920,2017,1,6,45,120,18,7.90633,5964
Vegas Showdown,15364,2005,3,5,75,75,12,7.18515,5914
Quantum,143519,2013,2,4,60,60,13,7.29497,5903
Connect Four,2719,1974,2,2,10,10,6,4.85891,5897
Summoner Wars,58281,2009,2,4,30,60,9,7.28103,5895
Mahjong,2093,1850,3,4,120,120,8,7.02596,5879
One Deck Dungeon,179275,2016,1,2,30,45,14,7.18134,5887
Lords of Vegas,20437,2010,2,4,60,90,12,7.32776,5870
FUSE,171273,2015,1,5,10,10,10,7.08801,5873
Everdell,199792,2018,1,4,40,80,13,7.99798,5875
AquaSphere,159508,2014,2,4,100,100,12,7.29348,5811
Agricola (Revised Edition),200680,2016,1,4,30,120,12,8.08579,5802
Ghost Blitz,83195,2010,2,8,20,20,8,6.72672,5792
Cottage Garden,204027,2016,1,4,45,60,8,6.95199,5791
Zombie Fluxx,29387,2007,2,6,10,40,8,6.00376,5775
Genoa,1345,2001,2,5,60,120,12,7.09452,5771
A Game of Thrones: The Card Game,39953,2008,2,4,60,60,14,6.88116,5755
Queendomino,232043,2017,2,4,25,25,8,7.31904,5744
Abalone Classic,526,1987,2,2,30,30,7,6.44075,5705
Snow Tails,38054,2008,2,5,45,60,10,6.98246,5703
Belfort,50750,2011,2,5,120,120,12,7.2653,5645
Power Grid: Factory Manager,44163,2009,2,5,60,60,12,6.86693,5639
Axis &amp; Allies,10093,2004,2,5,240,240,12,6.70515,5635
Kanagawa,200147,2016,2,4,45,45,10,7.13562,5633
Get Bit!,30539,2007,3,6,20,20,7,6.17135,5614
Blueprints,140933,2013,2,4,30,30,14,6.86423,5603
Coimbra,245638,2018,2,4,60,90,14,7.72868,5612
Loot,770,1992,2,8,20,20,10,6.30004,5578
Dungeon Twister,12995,2004,2,2,60,60,11,6.83894,5567
Quoridor,624,1997,2,4,15,15,8,6.67482,5566
Small World: Cursed!,57072,2009,2,5,40,80,8,7.50834,5554
Age of War,155695,2014,2,6,15,30,14,6.43359,5553
DC Comics Deck-Building Game,125678,2012,2,5,45,45,15,7.03495,5534
Race for the Galaxy: Rebel vs Imperium,40210,2009,1,6,60,60,12,7.94535,5503
Warhammer: Invasion,47185,2009,2,2,45,45,13,7.23873,5488
Balloon Cup,5716,2003,2,2,30,30,8,6.69395,5465
Spyrium,137269,2013,2,5,75,75,12,7.10284,5441
Dungeons &amp; Dragons: Wrath of Ashardalon Board Game,66356,2011,1,5,60,60,12,7.16403,5433
Mamma Mia!,49,1998,2,5,30,30,10,6.47972,5425
Near and Far,195421,2017,2,4,90,120,13,7.8838,5419
Agricola: Farmers of the Moor,43018,2009,1,5,100,200,12,8.0943,5392
Tash-Kalar: Arena of Legends,146278,2013,2,4,30,60,13,7.20155,5390
Small World: Grand Dames of Small World,57070,2009,2,5,40,80,8,7.43172,5385
Mastermind,2392,1971,2,2,20,20,8,5.51776,5385
Dominion: Cornucopia,90850,2011,2,4,30,30,13,7.71353,5379
Rattus,42452,2010,2,4,45,45,10,6.81266,5371
CV,143986,2013,2,4,60,60,10,6.68347,5338
Battlestar Galactica: The Board Game – Pegasus Expansion,43539,2009,3,7,120,180,13,7.81816,5340
Metro,559,1997,2,6,30,30,8,6.37453,5329
T.I.M.E Stories: The Marcy Case,180585,2015,2,4,60,90,12,7.65464,5326
Blue Moon,9446,2004,2,2,30,30,12,6.70862,5318
Marvel Dice Masters: Avengers vs. X-Men,148575,2014,2,2,60,60,14,7.20077,5317
Dungeon Fighter,102548,2011,1,6,45,60,14,6.84801,5317
Kalah,2448,700,2,2,10,10,5,5.87917,5312
Trickerion: Legends of Illusion,163068,2015,2,4,60,180,14,7.87424,5310
Killer Bunnies and the Quest for the Magic Carrot,3699,2002,2,8,45,45,12,5.48787,5293
Dominion: Hinterlands,104557,2011,2,4,30,30,13,7.9875,5291
Parade,56692,2007,2,6,45,45,12,6.95164,5283
Lord of the Rings: The Confrontation,18833,2005,2,2,30,30,14,7.48609,5277
Dominoes,2394,1500,2,10,30,30,5,5.45372,5279
Imperial 2030,54138,2009,2,6,120,180,12,7.69239,5265
The Fox in the Forest,221965,2017,2,2,30,30,10,7.34167,5275
Say Anything,33604,2008,3,8,30,30,13,6.76526,5241
Louis XIV,13642,2005,2,4,75,100,12,7.08215,5235
Keltis,34585,2008,2,4,30,30,10,6.42448,5212
Dune,121,1979,2,6,60,180,12,7.62348,5190
Automobile,39351,2009,3,5,120,120,12,7.34319,5181
Machi Koro: Harbor,143789,2012,2,5,30,30,10,7.09297,5176
Onirim,71836,2010,1,2,15,15,8,6.69672,5173
Manila,15817,2005,3,5,60,60,10,6.99462,5175
Sorry!,2407,1929,2,4,30,30,6,4.49758,5165
Junta,242,1978,2,7,240,240,16,6.70733,5140
Steam Park,121410,2013,2,4,60,60,8,6.91247,5132
Skip-Bo,1269,1967,2,6,20,20,8,5.41348,5125
Room 25,127024,2013,1,6,30,30,13,6.77894,5103
Cry Havoc,192457,2016,2,4,60,120,10,7.28429,5102
Dungeons &amp; Dragons: The Legend of Drizzt Board Game,91872,2011,1,5,60,60,12,7.27509,5097
Chrononauts,815,2000,1,6,30,30,11,6.20221,5089
Small World: Be Not Afraid...,81618,2010,2,5,40,80,8,7.63109,5091
Altiplano,234487,2017,2,5,60,120,12,7.56154,5098
Tsuro of the Seas,124172,2012,2,8,30,30,8,6.56886,5088
World of Warcraft: The Boardgame,17223,2005,2,6,180,180,12,6.65411,5078
Rivals for Catan,66056,2010,2,2,45,120,10,7.00015,5073
The Bloody Inn,180593,2015,1,4,30,60,14,6.96389,5069
BattleLore (Second Edition),146439,2013,2,2,45,90,14,7.78609,5061
Quarto,681,1991,2,2,20,20,8,6.86934,5055
Blood Bowl (Third Edition),712,1994,2,2,180,180,12,7.54276,5050
Defenders of the Realm,65532,2010,1,4,90,90,13,7.32616,5049
Amerigo,137408,2013,2,4,90,90,10,7.47945,5045
Bunny Kingdom,184921,2017,2,4,40,60,12,7.41822,5064
Specter Ops,155624,2015,2,5,60,120,13,7.26905,5036
Steampunk Rally,162007,2015,2,8,45,60,14,7.26819,5026
Star Wars: The Card Game,103886,2012,2,2,60,60,10,7.24475,5005
Dominion: Dark Ages,125403,2012,2,4,30,30,13,8.04992,4999
Combat Commander: Europe,21050,2006,2,2,60,180,12,7.91859,4981
Tiny Epic Quest,201921,2017,1,4,30,60,14,7.14641,4968
La Città,554,2000,2,5,120,120,12,7.05254,4959
Epic Spell Wars of the Battle Wizards: Duel at Mt. Skullzfyre,112686,2012,2,6,30,30,15,6.5634,4935
Azul: Stained Glass of Sintra,256226,2018,2,4,30,45,8,7.52704,4949
Doom: The Boardgame,10640,2004,2,4,180,180,12,6.86568,4920
Vast: The Crystal Caverns,170416,2016,1,5,75,75,10,7.26081,4923
The Castles of Burgundy: The Card Game,191977,2016,1,4,30,60,12,7.09022,4909
Carcassonne: Expansion 4 – The Tower,21385,2006,2,6,60,60,8,6.56437,4895
Egizia,58421,2009,2,4,90,90,12,7.44104,4880
Talisman,714,1983,2,6,240,240,9,6.36,4867
Die Macher,1,1986,3,5,240,240,14,7.62345,4867
Dream Factory,904,2000,2,5,60,60,10,7.06122,4856
Balderdash,163,1984,2,6,60,60,12,6.42609,4850
Reef Encounter,12962,2004,2,4,60,120,10,7.14036,4844
Clash of Cultures,40765,2012,2,4,180,240,14,7.64123,4836
Hansa,8989,2004,2,4,60,60,10,6.88667,4829
Lisboa,161533,2017,1,4,60,120,12,8.18322,4827
Eldritch Horror: Forsaken Lore,154842,2014,1,8,180,180,14,8.29602,4822
The Starfarers of Catan,1897,1999,3,4,120,120,12,6.81111,4820
Evolution: Climate,182134,2016,2,6,60,60,12,7.69827,4813
New York 1901,174660,2015,2,4,30,60,8,6.87829,4779
Pass the Pigs,2593,1977,2,10,30,30,8,5.33489,4768
The Big Book of Madness,171233,2015,2,5,60,90,12,7.01734,4763
Hoity Toity,120,1990,2,6,45,45,12,6.52538,4760
Maharaja: The Game of Palace Building in India,9440,2004,2,5,90,90,12,7.13855,4750
Kanban: Driver&#039;s Edition,109276,2014,2,4,90,120,12,7.84892,4757
Winner&#039;s Circle,1382,2001,2,6,45,60,10,6.97634,4744
San Juan (Second Edition),166669,2014,2,4,45,60,10,7.54564,4742
Clans,4636,2002,2,4,30,30,10,6.55439,4719
Blokus Duo,16395,2005,2,2,15,15,5,6.85327,4718
Adrenaline,202408,2016,3,5,30,60,12,7.14034,4710
Caylus Magna Carta,27364,2007,2,4,45,75,10,6.93384,4705
7 Wonders: Wonder Pack,133993,2013,2,7,30,30,10,7.59339,4694
Santiago,8125,2003,3,5,75,75,10,7.12292,4681
Star Realms: Colony Wars,182631,2015,2,2,20,20,12,7.89262,4673
Ikusa,221,1986,2,5,240,360,12,7.02394,4668
Illuminati (Second Edition),28,1987,2,8,60,180,12,6.50532,4667
Myrmes,126792,2012,2,4,60,120,13,7.30085,4670
Viceroy,157526,2014,1,4,45,60,13,6.87078,4663
Munchkin Cthulhu,25071,2007,3,6,90,90,10,6.22506,4661
Ticket to Ride Map Collection: Volume 1 – Team Asia &amp; Legendary Asia,106637,2011,2,6,30,60,8,7.70701,4655
Ticket to Ride: 10th Anniversary,160069,2014,2,5,30,60,8,8.2831,4650
Wasabi!,33154,2008,2,4,30,45,10,6.54445,4645
Time&#039;s Up!,1353,1999,4,18,90,90,12,7.3122,4642
Loony Quest,136991,2015,2,5,20,30,8,6.98891,4640
Cutthroat Caverns,28259,2007,3,6,90,90,12,6.56559,4628
Heaven &amp; Ale,227789,2017,2,4,60,90,12,7.61233,4639
5-Minute Dungeon,207830,2017,2,5,5,30,8,7.16931,4626
Hannibal: Rome vs. Carthage,234,1996,2,2,40,200,12,7.80886,4619
Terraforming Mars: Hellas &amp; Elysium,218127,2017,1,5,90,120,12,8.36932,4628
Citadels,205398,2016,2,8,30,60,10,7.35383,4618
Ticket to Ride Map Collection: Volume 2 – India &amp; Switzerland,106645,2011,2,4,30,60,8,7.80501,4605
Ashes: Rise of the Phoenixborn,167400,2015,2,4,30,120,14,7.36394,4597
Love Letter: Batman,168584,2015,2,4,20,20,10,7.30124,4587
Munchkin 3: Clerical Errors,6606,2003,3,6,90,90,10,6.46659,4583
Tajemnicze Domostwo,113997,2013,2,7,30,60,8,7.24038,4587
Downforce,215311,2017,2,6,20,40,10,7.40827,4587
Catan Dice Game,27710,2007,1,4,15,15,7,5.69283,4553
Lords of Xidit,156566,2014,3,5,90,90,14,7.17146,4554
Felicity: The Cat in the Sack,32125,2007,3,5,20,20,8,6.58382,4557
Star Fluxx,102104,2011,2,6,10,40,8,6.37245,4545
The Speicherstadt,66505,2010,2,5,45,45,8,7.04515,4541
Legendary: A Marvel Deck Building Game – Dark City,137762,2013,1,5,60,60,14,8.29773,4540
Wings of War: Famous Aces,9203,2004,2,4,30,30,10,6.86242,4537
NMBR 9,217449,2017,1,4,20,20,8,6.95589,4542
Manhattan,199,1994,2,4,45,45,10,6.72051,4534
Twilight Imperium (Third Edition): Shattered Empire,22821,2006,3,8,240,240,12,8.60333,4524
Ginkgopolis,128271,2012,1,5,45,45,13,7.43101,4526
Reef,244228,2018,2,4,30,45,8,7.19181,4535
Mexica,2955,2002,2,4,90,90,10,7.21516,4523
The Godfather: Corleone&#039;s Empire,195539,2017,2,5,60,90,14,7.60972,4521
Kingdoms,119,1994,2,4,45,45,9,6.63514,4508
Antike,19600,2005,2,6,120,120,12,7.096,4494
Monty Python Fluxx,36345,2008,2,6,40,40,13,6.06334,4490
Nemesis,167355,2018,1,5,90,180,12,8.46427,4534
Warhammer Quest: The Adventure Card Game,181521,2015,1,4,30,60,14,7.42096,4483
The Adventurers: The Temple of Chac,43868,2009,2,6,45,45,10,6.59725,4477
Gizmos,246192,2018,2,4,40,50,14,7.5032,4488
Black Fleet,157403,2014,3,4,60,60,14,7.03444,4464
Yamataï,213893,2017,2,4,40,80,13,7.2452,4471
Diamonds,152162,2014,2,6,20,30,8,6.96682,4454
La Isla,154246,2014,2,4,30,60,10,6.90726,4448
Primordial Soup,124,1997,3,4,90,90,12,6.95,4438
Stockpile,161614,2015,2,5,45,45,13,7.5405,4441
Pulsar 2849,228341,2017,2,4,60,90,14,7.77165,4448
Thunderstone Advance: Towers of Ruin,116998,2012,1,5,45,45,12,7.40831,4433
Gears of War: The Board Game,42776,2011,1,4,60,180,14,7.46961,4428
Ticket to Ride: Switzerland,30746,2007,2,3,30,60,8,7.51405,4424
Century: Golem Edition,232832,2017,2,5,30,45,8,7.72154,4416
Wiz-War (eighth edition),104710,2012,2,4,30,60,14,7.07884,4389
Star Munchkin,4095,2002,3,6,90,90,10,6.11745,4377
Dream Home,194880,2016,2,4,30,30,7,6.94369,4355
Terraforming Mars: Prelude,247030,2018,1,5,90,120,12,8.78203,4361
Roma,16496,2005,2,2,45,45,8,6.78297,4336
Evo,1159,2001,3,5,60,120,12,6.87425,4316
World Without End,43528,2009,2,4,90,120,12,7.27247,4316
Exit: The Game – The Secret Lab,203417,2016,1,6,45,150,12,7.2141,4315
Scoville,145659,2014,2,6,60,90,13,7.17717,4305
The Networks,72321,2016,1,5,60,90,13,7.25031,4292
Space Base,242302,2018,2,5,60,60,14,7.482,4302
Tribune: Primus Inter Pares,30957,2007,2,5,60,60,12,7.23348,4273
Nations: The Dice Game,157809,2014,1,4,20,40,14,6.97608,4263
A Touch of Evil: The Supernatural Game,35815,2008,2,8,60,120,12,6.96692,4258
Disney Villainous,256382,2018,2,6,50,50,10,7.07729,4277
Chez Geek,553,1999,2,5,60,60,13,5.72325,4239
History of the World,224,1991,3,6,135,270,12,7.12521,4237
Fabled Fruit,203427,2016,2,5,20,30,8,7.07868,4240
Ave Caesar,494,1989,2,6,30,30,12,6.62748,4224
Vinhos,42052,2010,2,4,60,135,12,7.495,4219
China,18100,2005,3,5,45,45,12,7.00614,4212
Carcassonne: Expansion 5 – Abbey &amp; Mayor,31784,2007,2,6,30,30,8,7.12296,4197
Endeavor: Age of Sail,233398,2018,2,5,60,90,13,8.10664,4198
1830: Railways &amp; Robber Barons,421,1986,2,7,180,360,14,7.86701,4181
One Night Ultimate Werewolf Daybreak,163166,2015,3,7,10,10,8,7.41756,4180
Fleet,121297,2012,2,4,30,45,10,6.94651,4179
Paths of Glory,91,1999,2,2,480,480,14,8.03447,4173
Werewolf,925,1986,8,24,60,60,8,6.56876,4172
King of Tokyo: Halloween,147183,2013,2,6,30,30,8,7.23715,4172
Harbour,155969,2015,1,4,30,60,10,6.56304,4162
DVONN,2346,2001,2,2,30,30,9,7.44535,4154
Bruxelles 1893,144592,2013,2,5,50,125,13,7.64635,4157
Domaine,5737,2003,2,4,60,60,12,7.00701,4153
Ticket to Ride: Europa 1912,53383,2009,2,5,30,60,8,7.65678,4150
Exit: The Game – The Pharaoh&#039;s Tomb,203416,2016,1,6,45,90,12,7.30816,4145
Starship Catan,2338,2001,2,2,60,60,12,6.84347,4137
Kodama: The Tree Spirits,181810,2016,2,5,30,30,14,6.78489,4138
T.I.M.E Stories: A Prophecy of Dragons,189035,2016,2,4,90,180,12,7.69524,4137
Container,26990,2007,3,5,90,90,0,7.14494,4132
The Magic Labyrinth,41916,2009,2,4,20,30,6,6.85078,4133
Caesar &amp; Cleopatra,132,1997,2,2,60,60,10,6.42423,4127
Vasco da Gama,41002,2009,2,4,60,120,12,7.26969,4127
San Marco,1041,2001,3,4,90,90,10,7.17707,4111
Pandemic: In the Lab,137136,2013,1,6,45,60,8,7.92436,4113
Francis Drake,140603,2013,3,5,90,120,14,7.44922,4110
Carcassonne: The River II,18836,2005,2,6,60,60,8,7.17003,4105
Union Pacific,94,1999,2,6,90,90,12,7.22601,4103
Coup: Reformation,148931,2013,2,10,15,15,10,7.27933,4098
Underwater Cities,247763,2018,1,4,80,150,12,8.09429,4134
Mint Works,200077,2017,1,4,10,20,13,7.1194,4093
Gùgōng,250458,2018,1,5,60,90,12,7.581,4101
Hare &amp; Tortoise,361,1973,2,6,45,45,8,6.63949,4076
First Class: All Aboard the Orient Express!,206941,2016,2,4,40,80,10,7.51404,4071
Saboteur 2 (expansion-only editions),91072,2011,2,12,45,45,8,6.98348,4069
Carcassonne: The City,12902,2004,2,4,30,45,8,7.20359,4065
Risk: The Lord of the Rings,4324,2002,2,4,120,120,9,5.89408,4063
BANG! Dodge City,9653,2004,3,8,20,40,10,6.87213,4060
Kingsburg: To Forge a Realm,39775,2009,2,5,90,90,13,7.8848,4057
Snowdonia,119432,2012,1,5,30,90,10,7.42648,4048
Star Wars: Armada,163745,2015,2,2,120,120,14,7.88731,4046
Rune Age,94362,2011,2,4,20,60,14,6.8145,4037
Luna,70512,2010,1,4,60,100,12,7.34343,4037
Eight-Minute Empire: Legends,142326,2013,2,4,16,32,13,6.99887,4039
Junk Art,193042,2016,2,6,30,30,8,7.47907,4043
The Manhattan Project: Energy Empire,176734,2016,1,5,60,120,13,7.81314,4032
Cryptid,246784,2018,3,5,30,50,10,7.57795,4036
Dice City,179572,2015,1,4,45,60,14,6.81329,4004
Arkham Horror: The King in Yellow Expansion,25945,2007,1,8,240,240,12,7.62114,3996
Mission: Red Planet,18258,2005,3,5,60,60,10,6.9331,3990
51st State: Master Set,192458,2016,1,4,60,90,14,7.68456,3981
Runebound (Third Edition),181530,2015,2,4,120,180,14,7.54166,3980
Arkadia,25643,2006,2,4,45,60,10,6.92417,3973
Rex: Final Days of an Empire,104363,2012,3,6,120,180,14,7.11438,3974
Coal Baron,143515,2013,2,4,60,75,10,7.30056,3967
Hyperborea,119788,2014,2,6,50,150,14,7.24928,3966
Discoveries: The Journals of Lewis and Clark,171669,2015,2,4,60,60,14,7.12253,3955
Revolution!,34887,2009,3,4,60,60,13,6.73101,3938
Majesty: For the Realm,230080,2017,2,4,20,40,7,7.03843,3941
Hacienda,19100,2005,2,5,60,90,10,6.95096,3932
Dixit: Journey,121288,2012,3,6,30,30,8,7.43947,3931
Santiago de Cuba,104347,2011,2,4,40,75,10,6.93403,3922
Samurai Spirit,158900,2014,1,7,30,30,9,6.70494,3920
"Labyrinth: The War on Terror, 2001 – ?",62227,2010,1,2,180,180,12,7.59119,3919
Just One,254640,2018,3,7,20,20,8,7.57421,3956
Lords of Hellas,222509,2018,1,4,60,90,14,7.98253,3923
Hawaii,106217,2011,2,5,90,90,13,7.18266,3906
Britannia,240,1986,3,5,180,300,12,7.2065,3901
Star Wars: Destiny,205359,2016,2,2,30,30,10,7.64497,3900
Metropolys,25568,2008,2,4,45,45,8,7.03356,3886
Zombicide Season 2: Prison Outbreak,137988,2013,1,6,60,60,13,7.42453,3884
Guess Who?,4143,1979,2,2,20,20,6,4.78841,3881
Puerto Rico (with two expansions),108687,2011,2,5,90,150,13,8.49417,3876
Pachisi,2136,400,2,6,30,30,5,4.4858,3872
Century: Eastern Wonders,242574,2018,2,4,30,45,8,7.32031,3878
Fallout,232918,2017,1,4,120,180,14,7.00586,3874
Villa Paletti,2596,2001,2,4,30,30,8,6.46438,3860
Vinci,60,1999,3,6,90,90,14,7.10031,3857
Alhambra: Big Box,45358,2009,2,6,60,60,8,7.53242,3858
Santa Maria,229220,2017,1,4,45,90,12,7.59382,3854
Cthulhu Wars,139976,2015,2,4,90,120,14,7.9416,3835
Epic Card Game,175621,2015,2,4,20,40,13,6.52677,3827
Detective: A Modern Crime Board Game,223321,2018,1,5,120,180,16,8.08646,3833
Family Business,170,1982,2,6,30,30,8,6.0793,3809
Unlock! Escape Adventures,213460,2017,2,6,45,75,10,7.49994,3806
Dead Man&#039;s Draw,149155,2015,2,4,10,15,13,6.86721,3801
Titan,103,1980,2,6,30,240,12,6.96543,3790
Wyatt Earp,878,2001,2,4,30,45,8,6.8604,3786
Cold War: CIA vs KGB,24742,2007,2,2,30,60,12,6.64782,3784
Middle-Earth Quest,31563,2009,2,4,180,180,13,7.37755,3785
Ticket to Ride: The Card Game,34127,2008,2,4,30,30,8,6.16139,3785
Mykerinos,21441,2006,2,4,30,60,10,6.86191,3783
Cosmic Encounter,15,1977,2,6,90,90,12,6.92206,3774
Core Worlds,98351,2011,2,5,60,120,10,7.20069,3774
Timeline: Events,113401,2011,2,8,15,15,8,6.7845,3771
The Republic of Rome,1513,1990,1,6,300,300,14,7.53869,3765
Valley of the Kings,150999,2014,2,4,45,45,14,7.08324,3765
Tyrants of the Underdark,189932,2016,2,4,60,60,14,7.8816,3767
The Lord of the Rings: Journeys in Middle-earth,269385,2019,1,5,60,120,14,8.18163,3782
Two Rooms and a Boom,134352,2013,6,30,7,20,8,7.03625,3751
Terraforming Mars: Venus Next,231965,2017,1,5,90,120,12,7.72396,3757
Carcassonne: King &amp; Scout,7707,2003,2,5,45,45,8,6.58976,3741
Chinese Checkers,2386,1893,2,6,30,30,7,5.10937,3742
To Court the King,21632,2006,2,5,45,45,10,6.46713,3740
Legacy: The Testament of Duke de Crecy,52461,2013,1,4,60,60,8,7.19878,3737
Fauna,35497,2008,2,6,45,60,8,7.04385,3726
Haggis,37628,2010,2,3,45,45,13,6.98879,3721
Caverna: Cave vs Cave,220520,2017,1,2,20,40,10,7.25267,3725
Warrior Knights,22038,2006,2,6,120,240,12,6.86303,3716
Blokus 3D,6411,2003,2,4,15,20,7,6.80199,3711
Nightfall,88408,2011,2,5,45,45,12,6.50876,3711
Bausack,1231,1987,2,8,15,45,7,6.83937,3711
ZÈRTZ,528,1999,2,2,30,60,9,7.30031,3703
Catan: Traders &amp; Barbarians,27760,2007,2,4,60,60,10,6.9852,3702
Dragon Castle,232219,2017,2,4,30,45,8,7.31327,3714
Guildhall,132372,2012,2,4,30,45,10,6.96206,3698
Indonesia,19777,2005,2,5,180,240,14,7.85546,3693
Tinners&#039; Trail,35570,2008,3,4,60,90,13,7.28574,3692
Catan: Seafarers – 5-6 Player Extension,4103,1999,5,6,120,120,10,6.98443,3686
Honshū,207336,2016,2,5,30,40,8,7.02269,3686
Mississippi Queen,256,1997,3,5,45,45,10,6.35292,3675
A Game of Thrones: The Card Game (Second Edition),169255,2015,2,4,60,120,14,7.65507,3673
Hammer of the Scots,3685,2002,2,2,120,180,12,7.55645,3665
Tragedy Looper,148319,2011,2,4,120,120,13,7.27283,3659
Friday the 13th,17025,2005,3,6,30,30,8,6.446,3651
Tide of Iron,22825,2007,2,4,120,120,12,7.22403,3649
Sekigahara: The Unification of Japan,25021,2011,2,2,180,180,14,8.0582,3648
Ticket to Ride Map Collection: Volume 5 – United Kingdom &amp; Pennsylvania,182078,2015,2,5,30,75,8,8.03607,3647
Ex Libris,201825,2017,1,4,45,45,10,7.25656,3647
Struggle of Empires,9625,2004,2,7,180,240,13,7.48858,3637
Nuns on the Run,65515,2010,2,8,45,45,10,6.52199,3636
Western Legends,232405,2018,2,6,60,90,14,7.70559,3650
The Palaces of Carrara,129948,2012,2,4,60,60,10,7.21487,3628
Babel,986,2000,2,2,45,60,12,6.68173,3626
Linko!,153065,2014,2,5,20,20,10,7.0223,3625
Turn the Tide,1403,1997,3,5,30,30,10,6.79857,3619
Android,39339,2008,3,5,180,180,13,6.72859,3602
Shear Panic,18866,2005,2,4,45,45,10,6.37241,3590
The Oracle of Delphi,193558,2016,2,4,70,100,12,7.32107,3594
Tumblin-Dice,16747,2004,2,4,45,45,13,7.18136,3581
Nippon,154809,2015,2,4,60,120,12,7.72323,3578
Yggdrasil,71671,2011,1,6,90,90,13,7.06881,3553
Witch&#039;s Brew,34084,2008,3,5,45,45,9,7.03588,3541
Rialto,119591,2013,2,5,45,45,10,6.92908,3541
Odin&#039;s Ravens,4396,2002,2,2,30,30,10,6.65914,3539
Ultimate Werewolf: Ultimate Edition,38159,2008,5,68,30,90,8,7.04937,3526
CO₂,72225,2012,1,5,120,120,12,7.19883,3519
Space Hulk,2163,1989,2,4,45,45,12,7.46356,3512
Sorry! Sliders,37196,2008,1,4,30,30,6,6.4016,3512
Marvel Dice Masters: Uncanny X-Men,158275,2014,2,2,60,60,14,7.26398,3511
Shipyard,55600,2009,2,4,120,120,11,7.36864,3510
Candy Land,5048,1949,2,4,30,30,3,3.17833,3508
The Builders: Middle Ages,144553,2013,2,4,30,30,10,6.51237,3506
Eclipse: Rise of the Ancients,125898,2012,2,9,120,120,14,8.45543,3500
Black Stories,18803,2004,2,15,20,20,12,6.08034,3500
The Duke,36235,2013,2,2,30,30,13,7.44124,3493
KLASK,165722,2014,2,2,10,10,0,7.59575,3501
Scythe: The Wind Gambit,223555,2017,1,7,70,140,14,8.02531,3481
Munchkin Quest,29678,2008,2,4,180,180,12,5.88988,3474
Lost Cities: The Board Game,42487,2008,2,4,30,60,8,6.80272,3470
Too Many Bones,192135,2017,1,4,60,120,12,8.5095,3479
Arkham Horror: Curse of the Dark Pharaoh Expansion,22172,2006,1,8,240,240,12,7.31793,3468
Madeira,95527,2013,2,4,60,150,12,7.64329,3461
Tiny Towns,265736,2019,1,6,45,60,14,7.46738,3488
Smash Up: Science Fiction Double Feature,151004,2014,2,2,30,45,12,7.34213,3452
Conan,160010,2016,2,5,90,90,14,7.77183,3439
The Lost Expedition,216459,2017,1,5,30,50,14,7.14131,3441
Android: Infiltration,118063,2012,2,6,30,45,14,6.56881,3436
Tuscany Essential Edition,202174,2016,1,6,60,150,14,8.66806,3429
Wallenstein (first edition),3307,2002,3,5,150,150,12,7.49058,3425
Dominion: Black Market Promo Card,41105,2009,2,4,30,30,10,7.11372,3424
Cave Troll,4491,2002,2,4,20,60,10,6.4092,3424
Hearts,6887,1850,3,7,30,30,8,6.43307,3427
Freedom: The Underground Railroad,119506,2012,1,4,60,120,13,7.59713,3425
Dungeon!,1339,1975,1,8,30,30,8,5.96125,3420
Catan: Cities &amp; Knights – 5-6 Player Extension,4101,2000,5,6,120,120,10,7.1391,3415
Railroad Ink: Deep Blue Edition,245654,2018,1,6,20,30,8,7.34172,3438
Merchant of Venus (second edition),131646,2012,1,4,120,240,14,7.19037,3397
Fog of Love,175324,2017,2,2,60,120,17,7.17297,3408
Timeline: Diversity,131325,2012,2,8,15,15,8,6.80806,3395
Tapestry,286096,2019,1,5,90,120,12,7.64186,3517
Joking Hazard,193621,2016,3,10,30,90,18,6.4624,3394
Shakespeare,180511,2015,1,4,20,90,13,7.4559,3389
Twister,5894,1966,2,4,10,10,6,4.54297,3378
Antiquity,13122,2004,2,4,120,180,14,7.90836,3378
I&#039;m the Boss!,115,1994,3,6,60,60,12,6.80502,3372
Here I Stand,17392,2006,2,6,180,360,12,7.92392,3365
Factory Fun,24417,2006,2,5,45,45,10,6.82314,3363
Battlestar Galactica: The Board Game – Exodus Expansion,85905,2010,3,6,120,180,14,8.1008,3356
Power Grid: The New Power Plant Cards,29416,2007,2,6,120,120,12,7.80951,3349
Battle Cry,551,1999,2,2,45,45,10,7.16268,3346
Millennium Blades,151347,2016,2,5,80,120,12,7.77494,3343
You&#039;re Bluffing!,1117,1985,3,5,45,45,10,6.60712,3342
Terra Mystica: Fire &amp; Ice,161317,2014,2,5,100,100,12,8.47073,3338
1775: Rebellion,128996,2013,2,4,60,120,10,7.71294,3335
Via Nebula,191231,2016,2,4,45,60,12,7.09751,3335
Leonardo da Vinci,21920,2006,2,5,90,90,12,6.76362,3329
Advanced Squad Leader,243,1985,2,2,120,480,14,7.97029,3321
Lifeboats,249,1993,3,6,90,90,12,6.58606,3318
Homesteaders,26566,2009,2,4,90,90,12,7.26197,3310
Massive Darkness,197070,2017,1,6,90,180,14,7.34308,3312
Mage Knight Board Game: The Lost Legion Expansion,130704,2012,1,5,240,240,14,8.80394,3304
Happy Salmon,194626,2016,3,6,2,2,6,6.84027,3303
Power Grid: The First Sparks,106662,2011,2,6,60,60,12,6.82386,3295
Carolus Magnus,481,2000,2,4,60,60,12,6.82732,3288
Blood Bowl: Living Rulebook,15985,2004,2,2,120,120,12,7.85508,3284
Race for the Galaxy: The Brink of War,66121,2010,1,6,60,60,12,7.77128,3283
Panamax,131287,2014,2,4,100,100,12,7.35004,3280
D-Day Dice,101785,2012,1,4,45,45,14,6.84207,3275
Stronghold,45986,2009,2,4,120,120,10,7.19835,3277
Fortune and Glory: The Cliffhanger Game,95103,2011,1,8,90,240,12,7.10192,3274
Click Clack Lumberjack,39206,2008,2,7,10,10,5,6.43788,3271
Power Grid Deluxe: Europe/North America,155873,2014,2,6,120,120,12,8.04091,3263
Yedo,117915,2012,2,5,120,180,14,7.41454,3251
Flip City,168679,2014,1,4,30,50,8,6.37382,3252
Frank&#039;s Zoo,340,1999,3,7,60,60,10,6.61521,3249
Web of Power,491,2000,3,5,50,60,12,7.30561,3247
Hostage Negotiator,134253,2015,1,1,20,20,13,6.97995,3249
Krosmaster: Arena,112138,2012,2,4,60,60,14,6.83154,3241
Coconuts,145639,2013,2,4,20,20,6,7.06606,3239
Escape from the Aliens in Outer Space,82168,2010,2,8,20,45,12,6.93251,3240
Risk: Star Wars Edition,183880,2015,2,4,30,45,10,7.09583,3233
Java,855,2000,2,4,120,120,12,7.01958,3231
Elder Sign: Unseen Forces,137479,2013,1,8,90,90,14,7.63521,3228
Aton,19999,2005,2,2,30,30,8,6.86736,3227
Ascension: Storm of Souls,108784,2011,1,4,30,30,13,7.31492,3221
BattleTech,1540,1985,2,20,90,90,12,7.03449,3217
Tales &amp; Games: The Hare &amp; the Tortoise,130176,2011,2,5,15,20,7,7.10251,3217
7 Wonders: Babel,154638,2014,2,7,45,45,10,7.10094,3214
Valeria: Card Kingdoms,170561,2016,1,5,30,45,13,7.45929,3207
Tiny Epic Western,180852,2016,1,4,30,45,14,6.71205,3204
Hera and Zeus,638,2000,2,2,30,30,12,6.50017,3190
Mystery Rummy: Jack the Ripper,106,1998,2,4,45,45,10,6.95366,3189
Dominion: Envoy Promo Card,39707,2008,2,4,30,30,10,7.19786,3174
Arkham Horror: Innsmouth Horror Expansion,40776,2009,1,8,180,180,13,7.90688,3173
Medieval Academy,154386,2014,2,5,30,30,8,6.97662,3176
Meuterer,902,2000,3,4,60,60,12,6.90566,3168
Small World: Tales and Legends,71818,2010,2,5,40,80,8,7.242,3161
Timeline: Discoveries,99975,2011,2,8,15,15,8,6.74792,3145
Operation,3737,1965,1,6,10,10,6,4.08531,3135
Love Letter Premium,196326,2016,2,8,20,30,8,7.51634,3145
Munchkin 4: The Need for Steed,20660,2005,3,6,90,90,10,6.55865,3133
Elasund: The First City,19526,2005,2,4,60,90,10,6.64342,3133
The Little Prince: Make Me a Planet,134453,2013,2,5,25,25,8,6.92462,3128
Mottainai,175199,2015,2,5,15,30,13,7.03841,3128
Mafia de Cuba,176558,2015,6,12,10,20,10,6.62333,3127
Risk: The Lord of the Rings Trilogy Edition,8107,2003,2,4,180,180,9,6.48688,3125
Carcassonne: The Count of Carcassonne,12903,2004,2,6,60,60,8,5.94139,3122
Advanced Civilization,177,1991,2,8,360,480,12,8.02244,3117
Earth Reborn,73171,2010,2,4,180,180,13,7.705,3117
Heimlich &amp; Co.,382,1984,2,7,30,30,8,6.44363,3116
Trans Europa,16267,2005,2,6,20,20,8,6.64775,3112
Shadowrun: Crossfire,135382,2014,1,4,30,60,13,7.19421,3108
13 Days: The Cuban Missile Crisis,177590,2016,2,2,30,45,10,7.39545,3109
Oregon,31497,2007,2,4,45,45,8,6.7748,3105
Meeple Circus,193214,2017,2,5,45,45,8,7.16071,3110
Akrotiri,154458,2014,2,2,45,45,13,7.30322,3102
Baseball Highlights: 2045,151022,2015,1,4,45,45,9,7.57299,3097
Age of Mythology: The Boardgame,6707,2003,2,4,120,120,10,6.13866,3094
Bootleggers,12477,2004,3,6,90,90,14,6.67964,3084
Le Havre: The Inland Port,129051,2012,2,2,30,30,10,6.90055,3086
Battle Sheep,54137,2010,2,4,15,15,7,6.70084,3079
Space Cadets,123096,2012,3,6,60,120,8,6.61836,3076
The Pursuit of Happiness,181687,2015,1,4,60,90,12,7.26754,3078
Smash Up: The Obligatory Cthulhu Set,143185,2013,2,2,30,45,12,6.78888,3071
A Fake Artist Goes to New York,135779,2012,5,10,20,20,8,7.13638,3073
Mare Nostrum,3931,2003,3,5,120,120,10,6.73991,3065
Tammany Hall,30645,2007,3,5,90,90,12,7.24895,3064
Vinhos Deluxe Edition,175640,2016,1,4,60,135,14,8.23257,3068
Cathedral,7,1978,2,2,20,20,8,6.51161,3059
Shadows of Brimstone: City of the Ancients,146791,2014,1,4,120,120,12,7.99677,3060
Cosmic Encounter: Cosmic Incursion,61001,2010,3,6,60,60,10,8.21259,3057
River Dragons,634,2000,2,6,30,30,8,6.47681,3049
DungeonQuest (third edition),71061,2010,1,4,90,90,13,6.63969,3041
Power Grid: France/Italy,19319,2005,2,6,120,120,12,7.92732,3029
Hamburgum,30381,2007,2,5,75,75,12,7.05785,3026
Star Trek: Fleet Captains,79127,2011,2,4,90,120,14,7.53848,3027
Ascension: Return of the Fallen,95064,2011,1,2,30,30,13,7.30711,3026
Castle Panic: The Wizard&#039;s Tower,104590,2011,1,6,90,90,12,7.48289,3029
Aladdin&#039;s Dragons,492,2000,3,5,60,90,10,6.91963,3027
Power Grid: Benelux/Central Europe,25031,2006,2,6,120,120,13,8.02962,3026
Gravwell: Escape from the 9th Dimension,142992,2013,1,4,20,35,12,6.92905,3027
Mare Nostrum: Empires,174785,2016,3,5,90,120,14,7.61451,3021
Traders of Osaka,24827,2006,2,4,30,30,12,6.85756,3017
Tannhäuser,25261,2007,2,10,60,120,11,6.4734,3004
Ligretto,943,1988,2,4,10,10,8,6.18856,3006
Black Orchestra,156858,2016,1,5,90,90,14,7.53424,3009
Archaeology: The Card Game,31105,2007,2,4,20,20,8,6.6764,3002
The Grimm Forest,212402,2018,2,4,45,60,14,7.23352,3010
The Bottle Imp,619,1995,2,4,30,30,10,6.75054,2998
